Type,Name,Request Count,Failure Count,Median Response Time,Average Response Time,Min Response Time,Max Response Time,Average Content Size,Requests/s,Failures/s,50%,66%,75%,80%,90%,95%,98%,99%,99.9%,99.99%,100%
POST,Q1 {usuarios},621,0,2100,2239.2764850241506,230.6109999999535,15109.343300000091,39081.0,10.665126955252248,0.0,2100,2200,2300,2300,2800,3300,5600,11000,15000,15000,15000
POST,Q2 {musicas},657,0,2100,2236.3218797564787,235.33590000010918,16001.351499999828,51518.0,11.283395184542233,0.0,2100,2200,2300,2300,2700,3200,5300,11000,16000,16000,16000
POST,Q3 playlistsDoUsuario,390,0,2000,2222.592334871792,217.4449999999979,15640.075600000046,67.57435897435897,6.6979058173081745,0.0,2100,2100,2200,2300,2700,3300,6800,13000,16000,16000,16000
POST,Q4 musicasDaPlaylist,419,0,2000,2192.755731026251,217.04640000007203,15637.029799999937,887.4152744630071,7.195955224236219,0.0,2000,2100,2200,2300,2900,3200,4200,9700,16000,16000,16000
POST,Q5 playlistsComMusica,216,0,2000,2319.811341203695,262.57239999995363,16491.772500000025,424.712962962963,3.709609375739912,0.0,2100,2200,2300,2400,3100,3700,7100,8000,16000,16000,16000
,Aggregated,2303,0,2000,2234.697821884503,217.04640000007203,16491.772500000025,25447.914025184542,39.55199255707878,0.0,2000,2200,2300,2300,2800,3300,5900,11000,16000,16000,16000
