Type,Name,Request Count,Failure Count,Median Response Time,Average Response Time,Min Response Time,Max Response Time,Average Content Size,Requests/s,Failures/s,50%,66%,75%,80%,90%,95%,98%,99%,99.9%,99.99%,100%
POST,Q1 {usuarios},1602,0,270,294.3320644811725,17.265699978452176,2286.1483999877237,38790.0,27.4455088151497,0.0,270,330,360,380,440,480,580,740,2200,2300,2300
POST,Q2 {musicas},1634,0,280,299.6415422267592,17.75249995989725,2327.298799995333,52157.0,27.993733710333714,0.0,280,330,360,380,450,500,560,640,2300,2300,2300
POST,Q3 playlistsDoUsuario,1057,0,270,283.95056281839703,8.158600016031414,2173.3764999662526,65.639545884579,18.10855356904696,0.0,270,320,350,370,440,500,580,690,2200,2200,2200
POST,Q4 musicasDaPlaylist,1075,0,260,284.2205386981368,8.533499960321933,2249.4498000014573,830.8446511627907,18.41693007258797,0.0,260,310,350,370,420,490,580,680,2200,2200,2200
POST,Q5 playlistsComMusica,604,0,290,297.87376225281844,16.689800017047673,2163.898800034076,398.78145695364236,10.347744896598265,0.0,290,330,370,390,450,500,550,610,2200,2200,2200
,Aggregated,5972,0,270,292.485402494576,8.158600016031414,2327.298799995333,24877.68268586738,102.3124710637166,0.0,270,320,360,380,440,500,570,690,2300,2300,2300
