Type,Name,Request Count,Failure Count,Median Response Time,Average Response Time,Min Response Time,Max Response Time,Average Content Size,Requests/s,Failures/s,50%,66%,75%,80%,90%,95%,98%,99%,99.9%,99.99%,100%
POST,Q1 {usuarios},1575,0,1300,1268.9834679367523,20.30689996900037,3320.9912000456825,38790.0,27.028853138110634,0.0,1300,1400,1400,1500,1700,1800,2200,2500,3300,3300,3300
POST,Q2 {musicas},1525,0,1300,1287.230493967368,18.87839997652918,3391.478899982758,52157.0,26.170794308329345,0.0,1300,1400,1500,1500,1700,1900,2500,3000,3300,3400,3400
POST,Q3 playlistsDoUsuario,1008,0,1300,1268.5352909722988,11.336499999742955,3448.146099981386,66.21230158730158,17.298466008390808,0.0,1300,1400,1500,1500,1700,1900,2800,3000,3300,3400,3400
POST,Q4 musicasDaPlaylist,1054,0,1300,1251.0880951611043,11.08680001925677,3451.2117999838665,815.1100569259962,18.087880131789593,0.0,1300,1400,1500,1500,1700,1800,2200,2600,3400,3500,3500
POST,Q5 playlistsComMusica,540,0,1300,1283.4783785171264,22.149200027342886,3349.604199989699,388.5722222222222,9.267035361637932,0.0,1300,1400,1500,1500,1700,1900,2300,2900,3300,3300,3300
,Aggregated,5702,0,1300,1271.8492134864518,11.08680001925677,3451.2117999838665,24863.095755875132,97.85302894825831,0.0,1300,1400,1500,1500,1700,1900,2300,2800,3300,3500,3500
