Type,Name,Request Count,Failure Count,Median Response Time,Average Response Time,Min Response Time,Max Response Time,Average Content Size,Requests/s,Failures/s,50%,66%,75%,80%,90%,95%,98%,99%,99.9%,99.99%,100%
POST,Q1 {usuarios},665,0,51,75.66609323485159,16.76410000072792,2219.7716000373475,38790.0,11.180804228631313,0.0,51,69,85,96,130,180,210,320,2200,2200,2200
POST,Q2 {musicas},609,0,54,75.57181986834478,17.424699966795743,2289.3014999572188,52157.0,10.239262819904466,0.0,54,72,86,97,140,180,210,240,2300,2300,2300
POST,Q3 playlistsDoUsuario,409,0,26,61.282990464182404,7.569700013846159,3127.5208999868482,66.10268948655256,6.876614931594297,0.0,26,39,57,69,100,140,200,250,3100,3100,3100
POST,Q4 musicasDaPlaylist,439,0,27,48.45160729058749,8.100499981082976,2195.5315999803133,841.0182232346242,7.381012114840821,0.0,27,40,57,69,100,140,180,220,2200,2200,2200
POST,Q5 playlistsComMusica,192,0,46,76.418266148418,10.783899982925504,2223.342799989041,391.328125,3.2281419727777627,0.0,48,71,85,89,130,180,200,320,2200,2200,2200
,Aggregated,2314,0,44,67.99848578302206,7.569700013846159,3127.5208999868482,25077.934745030252,38.90583606774866,0.0,44,62,77,88,130,170,210,250,2200,3100,3100
