Type,Name,Request Count,Failure Count,Median Response Time,Average Response Time,Min Response Time,Max Response Time,Average Content Size,Requests/s,Failures/s,50%,66%,75%,80%,90%,95%,98%,99%,99.9%,99.99%,100%
GET,Q1 GET /usuarios,119,6,520,4026.2259142857083,10.194499999897744,30277.789900000018,53168.033613445376,3.2675082593550986,0.16474831559773606,520,740,2300,2300,30000,30000,30000,30000,30000,30000,30000
GET,Q2 GET /musicas,113,2,410,3220.244493805312,12.496300000066185,32080.680399999892,88387.80530973451,3.1027599437573623,0.05491610519924535,410,680,2300,2500,2900,30000,30000,30000,32000,32000,32000
GET,Q3 GET /usuarios/[id]/playlists,87,0,330,3873.8485885057457,6.430800000089221,32371.36540000006,68.60919540229885,2.388850576167173,0.0,330,650,2300,2300,30000,32000,32000,32000,32000,32000,32000
GET,Q4 GET /playlists/[id]/musicas,82,2,350,2858.4646878048816,7.951000000048225,32369.403299999933,1918.878048780488,2.2515603131690596,0.05491610519924535,360,610,740,2300,2600,30000,30000,32000,32000,32000,32000
GET,Q5 GET /musicas/[id]/playlists,41,2,330,4089.3236365853654,6.819700000050943,30258.224000000155,730.829268292683,1.1257801565845298,0.05491610519924535,330,590,650,730,30000,30000,30000,30000,30000,30000,30000
,Aggregated,442,12,370,3579.388489366515,6.430800000089221,32371.36540000006,37348.64027149321,12.136459249033223,0.3294966311954721,370,660,2300,2300,3100,30000,30000,32000,32000,32000,32000
