Type,Name,Request Count,Failure Count,Median Response Time,Average Response Time,Min Response Time,Max Response Time,Average Content Size,Requests/s,Failures/s,50%,66%,75%,80%,90%,95%,98%,99%,99.9%,99.99%,100%
GET,Q1 GET /usuarios,609,0,38,45.95095385726211,10.004499985370785,2069.9177000205964,55683.0,10.989731964638267,0.0,38,45,51,54,66,83,99,110,2100,2100,2100
GET,Q2 GET /musicas,658,0,43,51.17759832928005,11.196799983736128,2106.3532999833114,90503.0,11.873963272137898,0.0,43,52,57,62,75,91,110,130,2100,2100,2100
GET,Q3 GET /usuarios/[id]/playlists,406,8,25,30.642269950834898,7.213799981400371,157.01130003435537,68.66009852216749,7.326487976425511,0.14436429510198054,25,32,39,42,53,61,79,95,160,160,160
GET,Q4 GET /playlists/[id]/musicas,482,17,28,58.22407489527052,8.163199992850423,2204.0726999985054,1955.265560165975,8.697948779894327,0.3067741270917086,28,35,42,45,54,69,120,2000,2200,2200,2200
GET,Q5 GET /musicas/[id]/playlists,199,1,26,53.34663517941632,8.496200025547296,2202.69589999225,747.7989949748744,3.591061840661766,0.018045536887747567,26,34,41,47,61,80,89,2100,2200,2200,2200
,Aggregated,2354,26,36,47.90982867459733,7.213799981400371,2204.0726999985054,40178.86448598131,42.47919383375777,0.46918395908143673,36,43,49,53,65,82,100,120,2100,2200,2200
