Type,Name,Request Count,Failure Count,Median Response Time,Average Response Time,Min Response Time,Max Response Time,Average Content Size,Requests/s,Failures/s,50%,66%,75%,80%,90%,95%,98%,99%,99.9%,99.99%,100%
GET,Q1 GET /usuarios,2835,1,320,671.8985258205137,9.912700043059886,30587.473000050522,55663.36613756614,47.72589877303457,0.016834532195073925,320,420,470,530,680,870,2200,2500,30000,31000,31000
GET,Q2 GET /musicas,2850,1,320,658.8716040009413,9.987199970055372,30449.8811000376,90471.25192982456,47.97841675596069,0.016834532195073925,320,430,480,520,680,800,2200,2700,30000,30000,30000
GET,Q3 GET /usuarios/[id]/playlists,1858,29,310,532.7806644240922,5.6440000189468265,30595.98709997954,61.80678148546824,31.27856081844735,0.4882014336571438,310,420,480,520,660,730,2100,2300,30000,31000,31000
GET,Q4 GET /playlists/[id]/musicas,1958,54,310,646.9306609807612,7.632200024090707,30663.054900011048,2008.985188968335,32.962014037954745,0.909064738533992,310,430,480,540,680,780,2100,2300,30000,31000,31000
GET,Q5 GET /musicas/[id]/playlists,911,12,310,644.3278013172551,7.000699988566339,30613.975699990988,719.0076838638859,15.336258829712346,0.2020143863408871,310,410,470,510,660,820,2100,2400,31000,31000,31000
,Aggregated,10412,97,320,636.3998970230639,5.6440000189468265,30663.054900011048,40371.893680368805,175.2811492151097,1.6329496229221707,320,420,480,530,680,790,2200,2500,30000,31000,31000
