Type,Name,Request Count,Failure Count,Median Response Time,Average Response Time,Min Response Time,Max Response Time,Average Content Size,Requests/s,Failures/s,50%,66%,75%,80%,90%,95%,98%,99%,99.9%,99.99%,100%
GET,Q1 GET /usuarios,1669,0,260,284.6204073097781,13.235500000519096,2668.7167999998564,55990.0,28.2008792713991,0.0,260,300,320,340,380,420,490,690,2600,2700,2700
GET,Q2 GET /musicas,1697,0,260,280.1482200353528,12.947199999871373,2479.5376999991277,89980.0,28.673991685778475,0.0,260,300,320,330,370,420,490,590,2500,2500,2500
GET,Q3 GET /usuarios/[id]/playlists,1165,0,260,276.34287957081654,8.680099999764934,2469.0389999996114,68.26008583690987,19.684855812570373,0.0,260,290,320,330,370,420,490,580,2400,2500,2500
GET,Q4 GET /playlists/[id]/musicas,1150,0,250,265.45294817391033,8.38090000070224,2433.0878000000666,2113.0860869565217,19.431402733438567,0.0,250,290,310,330,370,410,490,540,2400,2400,2400
GET,Q5 GET /musicas/[id]/playlists,587,0,250,277.20983798977574,8.846199999425153,2590.3269999998884,749.6456558773424,9.918463830024729,0.0,250,290,310,320,370,420,530,630,2600,2600,2600
,Aggregated,6268,0,260,277.6604194639451,8.38090000070224,2668.7167999998564,39740.42501595405,105.90959333321125,0.0,260,290,320,330,370,420,490,580,2500,2700,2700
