Type,Name,Request Count,Failure Count,Median Response Time,Average Response Time,Min Response Time,Max Response Time,Average Content Size,Requests/s,Failures/s,50%,66%,75%,80%,90%,95%,98%,99%,99.9%,99.99%,100%
GET,Q1 GET /usuarios,2913,0,57,84.23757799479047,9.267700021155179,2139.3683000351302,55683.0,49.11735094314301,0.0,57,83,100,120,150,180,220,250,2100,2100,2100
GET,Q2 GET /musicas,3017,0,60,83.95823602851561,9.813199983909726,2143.5634000226855,90503.0,50.87093985426105,0.0,60,86,110,120,160,190,220,240,2100,2100,2100
GET,Q3 GET /usuarios/[id]/playlists,2086,22,53,81.17784717121793,5.47739997273311,2128.868900006637,64.67785234899328,35.17294681338699,0.37095150042881775,53,79,98,110,150,190,220,240,2100,2100,2100
GET,Q4 GET /playlists/[id]/musicas,1987,57,55,76.736695017203,6.502499978523701,2134.7321000066586,1997.1061902365375,33.50366506145731,0.9611016147473915,55,81,99,110,150,180,220,250,2100,2100,2100
GET,Q5 GET /musicas/[id]/playlists,1053,15,56,73.14942763563987,7.101199997123331,2094.4296999950893,731.315289648623,17.755087725070233,0.252921477565103,56,81,100,110,150,190,220,230,320,2100,2100
,Aggregated,11056,94,56,81.17992151732345,5.47739997273311,2143.5634000226855,39808.73489507959,186.4199903973186,1.5849745927413124,57,83,100,120,160,190,220,240,2100,2100,2100
