Type,Name,Request Count,Failure Count,Median Response Time,Average Response Time,Min Response Time,Max Response Time,Average Content Size,Requests/s,Failures/s,50%,66%,75%,80%,90%,95%,98%,99%,99.9%,99.99%,100%
POST,Q1 listar_usuarios,600,205,3800,3535.2093961678715,2072.463600023184,4554.8051000223495,46370.36666666667,10.079062479630517,3.4436796805404266,3800,4100,4100,4100,4300,4300,4400,4400,4600,4600,4600
POST,Q2 listar_musicas,609,235,3900,3537.4808671586225,2084.0043999487534,4585.192999977153,75692.93267651889,10.230248416824976,3.9476328045219526,3900,4100,4100,4100,4100,4300,4400,4500,4600,4600,4600
POST,Q3 playlists_do_usuario,389,156,4100,3626.845819021636,2060.129199991934,4574.633999960497,206.47814910025707,6.534592174293786,2.6205562447039346,4100,4100,4100,4100,4300,4300,4500,4500,4600,4600,4600
POST,Q4 musicas_da_playlist,417,151,3800,3537.299703115824,2104.234800033737,4613.71429997962,1924.1822541966426,7.004948423343209,2.5365640573736803,3800,4100,4100,4100,4100,4300,4400,4500,4600,4600,4600
POST,Q5 playlists_com_musica,203,74,3800,3476.0870551713397,2107.7708000084385,4437.929400010034,774.0344827586207,3.410082805608325,1.2430843724877638,3800,4100,4100,4100,4200,4300,4300,4400,4400,4400,4400
,Aggregated,2218,821,3900,3546.886455274484,2060.129199991934,4613.71429997962,33795.78403967538,37.25893429970081,13.791517159627757,3900,4100,4100,4100,4200,4300,4400,4500,4600,4600,4600
