Type,Name,Request Count,Failure Count,Median Response Time,Average Response Time,Min Response Time,Max Response Time,Average Content Size,Requests/s,Failures/s,50%,66%,75%,80%,90%,95%,98%,99%,99.9%,99.99%,100%
POST,Q1 listar_usuarios,79,0,2100,2117.623417725922,2067.5375999999233,2219.6742999949493,70436.0,1.365346154832076,0.0,2100,2100,2100,2100,2200,2200,2200,2200,2200,2200,2200
POST,Q2 listar_musicas,71,0,2100,2124.388198594523,2069.6088999975473,2243.328299955465,123254.0,1.2270832530769291,0.0,2100,2100,2100,2100,2200,2200,2200,2200,2200,2200,2200
POST,Q3 playlists_do_usuario,37,0,2100,2104.631594593033,2068.1771999807097,2185.841500002425,325.97297297297297,0.6394659206175546,0.0,2100,2100,2100,2100,2100,2200,2200,2200,2200,2200,2200
POST,Q4 musicas_da_playlist,38,0,2100,2111.7902842126664,2069.2327999859117,2247.573199972976,2803.6052631578946,0.656748783336948,0.0,2100,2100,2100,2100,2200,2200,2200,2200,2200,2200,2200
POST,Q5 playlists_com_musica,16,0,2100,2106.670268753078,2072.0307999872603,2283.0422000261024,1110.3125,0.2765258035102939,0.0,2100,2100,2100,2100,2100,2300,2300,2300,2300,2300,2300
,Aggregated,241,0,2100,2115.9748390067707,2067.5375999999233,2283.0422000261024,59966.14522821577,4.165169915373801,0.0,2100,2100,2100,2100,2200,2200,2200,2200,2300,2300,2300
