Type,Name,Request Count,Failure Count,Median Response Time,Average Response Time,Min Response Time,Max Response Time,Average Content Size,Requests/s,Failures/s,50%,66%,75%,80%,90%,95%,98%,99%,99.9%,99.99%,100%
POST,Q1 listar_usuarios,325,0,2100,2129.700460613777,2043.6778999865055,2721.43460001098,70436.0,5.557382514928352,0.0,2100,2100,2200,2200,2200,2200,2300,2600,2700,2700,2700
POST,Q2 listar_musicas,316,0,2100,2136.5015063299634,2049.904500017874,2718.7873999937437,123254.0,5.403485768361105,0.0,2100,2100,2200,2200,2200,2200,2300,2600,2700,2700,2700
POST,Q3 playlists_do_usuario,237,0,2100,2119.0204679335266,2047.8586999815889,2608.2336000399664,344.0464135021097,4.052614326270829,0.0,2100,2100,2100,2100,2200,2200,2200,2200,2600,2600,2600
POST,Q4 musicas_da_playlist,222,0,2100,2139.9935112617436,2040.3682999894954,2723.830899980385,3189.6396396396394,3.796119748658751,0.0,2100,2100,2100,2100,2200,2300,2700,2700,2700,2700,2700
POST,Q5 playlists_com_musica,99,0,2100,2124.2327656552216,2056.317400012631,2633.4028999553993,1208.2626262626263,1.6928642122397133,0.0,2100,2100,2200,2200,2200,2200,2200,2600,2600,2600,2600
,Aggregated,1199,0,2100,2130.836180066694,2040.3682999894954,2723.830899980385,52334.62969140951,20.50246657045875,0.0,2100,2100,2100,2200,2200,2200,2300,2700,2700,2700,2700
