Type,Name,Request Count,Failure Count,Median Response Time,Average Response Time,Min Response Time,Max Response Time,Average Content Size,Requests/s,Failures/s,50%,66%,75%,80%,90%,95%,98%,99%,99.9%,99.99%,100%
POST,Q1 listar_usuarios,194,194,4100,4062.0344422680096,4018.8854999996693,4109.41240000011,0.0,3.265745113485825,3.265745113485825,4100,4100,4100,4100,4100,4100,4100,4100,4100,4100,4100
POST,Q2 listar_musicas,182,182,4098.960600000282,4063.900668681312,4021.0535999995045,4098.960600000282,0.0,3.0637402611052584,3.0637402611052584,4100,4100,4100,4100,4100,4100,4100,4100,4100,4100,4100
POST,Q3 playlists_do_usuario,114,114,4100,4060.186974561442,4023.121799999899,4111.8389000002935,0.0,1.9190460976153818,1.9190460976153818,4100,4100,4100,4100,4100,4100,4100,4100,4100,4100,4100
POST,Q4 musicas_da_playlist,104,104,4097.962099999677,4063.054939423034,4029.3543999996473,4097.962099999677,0.0,1.7507087206315763,1.7507087206315763,4100,4100,4100,4100,4100,4100,4100,4100,4100,4100,4100
POST,Q5 playlists_com_musica,62,62,4097.165600000153,4060.6981999999475,4031.83959999933,4097.165600000153,0.0,1.0436917372995935,1.0436917372995935,4100,4100,4100,4100,4100,4100,4100,4100,4100,4100,4100
,Aggregated,656,656,4100,4062.2666474085177,4018.8854999996693,4111.8389000002935,0.0,11.042931930137636,11.042931930137636,4100,4100,4100,4100,4100,4100,4100,4100,4100,4100,4100
