Type,Name,Request Count,Failure Count,Median Response Time,Average Response Time,Min Response Time,Max Response Time,Average Content Size,Requests/s,Failures/s,50%,66%,75%,80%,90%,95%,98%,99%,99.9%,99.99%,100%
POST,Q1 listar_usuarios,520,38,2800,2900.567189230774,2069.2880000001423,4465.143200000057,65573.31923076924,8.758235061808909,0.6400248699014204,2800,3100,3300,3400,4000,4100,4300,4300,4500,4500,4500
POST,Q2 listar_musicas,521,35,2700,2854.6562558541173,2078.2905000000937,4434.411600000203,114486.1151631478,8.775077821543158,0.5894965906986767,2700,2900,3200,3300,4000,4100,4300,4300,4400,4400,4400
POST,Q3 playlists_do_usuario,319,23,2800,2906.9070999999863,2054.6085000000858,4312.594999999874,324.435736677116,5.372840355225081,0.3873834738877018,2800,3200,3300,3300,4000,4100,4200,4300,4300,4300,4300
POST,Q4 musicas_da_playlist,301,12,2700,2880.6550335548027,2074.652799999967,4474.337500000047,3101.531561461794,5.069670680008619,0.20211311681097485,2700,3200,3200,3300,3900,4100,4300,4300,4500,4500,4500
POST,Q5 playlists_com_musica,166,11,2800,2898.9787891566366,2087.757799999963,4367.732299999943,1199.120481927711,2.795898115885152,0.18527035707672693,2800,3200,3300,3300,4000,4100,4200,4300,4400,4400,4400
,Aggregated,1827,119,2700,2885.1570096880064,2054.6085000000858,4474.337500000047,51987.685823754786,30.77172203447092,2.0042884083755004,2700,3200,3300,3300,4000,4100,4300,4300,4500,4500,4500
